Location,Location_Type,Year,Month,Price_Studio,Price_1br,Price_2br,Price_3br,Price_4br,Price_Change_MoM,Price_Change_YoY
"National","National",2019,10,839,960,1191,1599,1864,.1,1.4
"Alabama","State",2019,10,620,675,820,1096,1275,.1,1.8
"Alaska","State",2019,10,811,927,1186,1676,2012,-.4,-.3
"Arizona","State",2019,10,732,865,1093,1580,1833,.3,3.5
"Arkansas","State",2019,10,529,576,728,987,1156,-.2,.9
"California","State",2019,10,1231,1448,1847,2558,2971,.3,1.1
"Colorado","State",2019,10,887,1044,1324,1908,2236,0,1.6
"Connecticut","State",2019,10,904,1082,1355,1721,1989,.2,1.2
"Delaware","State",2019,10,880,1014,1237,1633,1854,1.1,2.4
"District of Columbia","State",2019,10,1428,1501,1732,2281,2832,-.3,1.3
"Florida","State",2019,10,842,977,1219,1651,1982,.4,1.3
"Georgia","State",2019,10,835,884,1043,1384,1682,0,1.9
"Idaho","State",2019,10,575,654,847,1190,1446,.5,1.3
"Illinois","State",2019,10,789,910,1091,1405,1662,-.1,.8
"Indiana","State",2019,10,566,658,827,1088,1229,0,1.3
"Iowa","State",2019,10,520,602,770,1034,1157,.4,.5
"Kansas","State",2019,10,567,665,852,1155,1332,.2,1.1
"Kentucky","State",2019,10,541,607,772,1053,1212,-.4,.8
"Louisiana","State",2019,10,596,686,832,1077,1260,-.7,-.6
"Maine","State",2019,10,698,767,953,1254,1401,.3,.3
"Maryland","State",2019,10,1125,1262,1521,1983,2400,-.5,1.6
"Massachusetts","State",2019,10,1155,1322,1644,2064,2294,0,2.3
"Michigan","State",2019,10,609,721,923,1237,1361,.2,.8
"Minnesota","State",2019,10,707,858,1091,1515,1773,.1,1.6
"Mississippi","State",2019,10,580,659,804,1061,1200,-.4,.4
"Missouri","State",2019,10,574,662,846,1143,1311,.1,.7
"Montana","State",2019,10,560,625,793,1106,1321,.1,1.4
"Nebraska","State",2019,10,538,657,840,1130,1271,.2,1.4
"Nevada","State",2019,10,740,901,1131,1643,1976,.1,2.6
"New Hampshire","State",2019,10,926,1040,1327,1746,1953,.3,1.5
"New Jersey","State",2019,10,1097,1257,1542,1994,2302,0,.9
"New Mexico","State",2019,10,579,679,836,1166,1380,-.3,1.6
"New York","State",2019,10,1170,1292,1538,1977,2177,.5,1
"North Carolina","State",2019,10,710,770,926,1246,1503,.1,2.7
"North Dakota","State",2019,10,534,585,752,1058,1213,1.7,2.9
"Ohio","State",2019,10,573,663,852,1129,1264,.1,1.2
"Oklahoma","State",2019,10,531,599,769,1043,1214,0,.6
"Oregon","State",2019,10,883,992,1217,1765,2118,-.3,1.4
"Pennsylvania","State",2019,10,710,825,1021,1299,1430,.1,.7
"Rhode Island","State",2019,10,854,967,1170,1483,1777,.4,.6
"South Carolina","State",2019,10,682,777,932,1239,1494,.1,1.4
"South Dakota","State",2019,10,486,564,721,985,1118,-.4,-.2
"Tennessee","State",2019,10,624,706,871,1162,1368,.2,1.9
"Texas","State",2019,10,743,857,1066,1438,1773,.2,1.5
"Utah","State",2019,10,667,803,993,1425,1662,.4,1.9
"Vermont","State",2019,10,860,967,1221,1614,1774,-.4,-.1
"Virginia","State",2019,10,1009,1064,1256,1682,2059,-.1,1.6
"Washington","State",2019,10,1028,1179,1478,2128,2521,-.4,1.8
"West Virginia","State",2019,10,535,596,724,960,1089,-.8,-.8
"Wisconsin","State",2019,10,585,685,869,1152,1291,.3,1.4
"Wyoming","State",2019,10,551,617,792,1077,1275,.7,1.4
"Abilene, TX","City",2019,10,606,660,877,1097,1462,-.6,2.3
"Acworth, GA","City",2019,10,883,927,1070,1405,1727,.3,2.3
"Adelanto, CA","City",2019,10,866,1035,1295,1820,2242,-.5,1.8
"Aiken, SC","City",2019,10,650,715,861,1171,1517,-.5,3.2
"Albany, NY","City",2019,10,750,889,1095,1370,1509,.3,-.1
"Albany, OR","City",2019,10,658,783,1029,1499,1758,-.1,2.9
"Albuquerque, NM","City",2019,10,564,725,889,1294,1566,-.5,1.7
"Alexandria, VA","City",2019,10,1539,1616,1867,2463,3054,.1,2
"Allen Park, MI","City",2019,10,650,785,1022,1357,1472,,-3.5
"Allen, TX","City",2019,10,1060,1263,1570,2128,2710,-.2,2.3
"Alpharetta, GA","City",2019,10,1224,1284,1483,1947,2392,-.8,3.3
"Altamonte Springs, FL","City",2019,10,965,1054,1263,1680,2021,-1.5,.3
"Amarillo, TX","City",2019,10,533,641,840,1104,1324,.2,-.2
"Amelia, OH","City",2019,10,538,627,824,1150,1343,.3,-.7
"Ames, IA","City",2019,10,654,823,1000,1374,1652,-.6,-.2
"Anaheim, CA","City",2019,10,1415,1684,2164,2941,3242,.6,2
"Anchorage, AK","City",2019,10,730,842,1079,1571,1902,-.7,-.5
"Anderson, IN","City",2019,10,612,705,878,1174,1348,.4,.8
"Ann Arbor, MI","City",2019,10,1016,1082,1306,1793,2249,.2,.8
"Anniston, AL","City",2019,10,303,329,437,567,636,-.1,0
"Anoka, MN","City",2019,10,783,965,1218,1724,2016,-.4,1.8
"Apache Junction, AZ","City",2019,10,483,587,731,1064,1234,.7,2
"Apopka, FL","City",2019,10,875,956,1145,1524,1833,-.6,-.5
"Apple Valley, CA","City",2019,10,774,926,1158,1627,2004,.1,1.1
"Arlington, TX","City",2019,10,848,1010,1255,1702,2168,.1,2.1
"Arlington, VA","City",2019,10,1751,1839,2124,2801,3474,.2,2
"Arvada, CO","City",2019,10,1007,1230,1557,2263,2621,.5,1.6
"Ashland, OR","City",2019,10,664,699,930,1354,1552,.4,.5
"Athens, GA","City",2019,10,715,796,933,1267,1616,.6,4
"Atlanta, GA","City",2019,10,999,1047,1210,1588,1952,.1,1.8
"Auburn Hills, MI","City",2019,10,779,941,1225,1627,1765,.3,2.6
"Auburn, WA","City",2019,10,1212,1387,1727,2507,2982,.5,2.7
"Audubon, NJ","City",2019,10,730,867,1046,1309,1457,.7,-1.7
"Augusta, GA","City",2019,10,595,654,788,1072,1388,.4,2.3
"Aurora, CO","City",2019,10,1026,1253,1586,2305,2669,-.8,1.4
"Aurora, IL","City",2019,10,967,1122,1320,1688,2008,0,1.6
"Austell, GA","City",2019,10,920,965,1114,1463,1798,1.9,6.1
"Austin, TX","City",2019,10,983,1192,1471,1993,2398,.4,3.2
"Avondale, AZ","City",2019,10,839,1020,1270,1849,2145,1.1,3.7
"Bakersfield, CA","City",2019,10,702,732,950,1375,1655,.1,1.3
"Balch Springs, TX","City",2019,10,686,818,1016,1378,1755,-.1,2.6
"Ballwin, MO","City",2019,10,927,1051,1365,1807,2109,-.8,2.4
"Baltimore, MD","City",2019,10,776,942,1182,1520,1780,.2,.2
"Baton Rouge, LA","City",2019,10,635,776,899,1139,1428,-1,-1.8
"Battle Creek, MI","City",2019,10,557,693,865,1145,1254,-.1,.5
"Bay City, MI","City",2019,10,470,564,741,976,1022,-.5,.2
"Bay Shore, NY","City",2019,10,1339,1487,1771,2284,2544,1,.5
"Baytown, TX","City",2019,10,767,869,1063,1450,1843,-.3,.5
"Beaverton, OR","City",2019,10,1389,1546,1824,2655,3213,-.3,3.3
"Bedford, OH","City",2019,10,518,619,771,1014,1074,.1,0
"Belleville, IL","City",2019,10,653,741,962,1274,1486,.5,2.5
"Belleville, MI","City",2019,10,768,877,1116,1516,1704,1.1,2.2
"Bellevue, WA","City",2019,10,1697,1942,2419,3511,4176,0,2.9
"Bellflower, CA","City",2019,10,1144,1361,1749,2378,2622,-.4,.8
"Belmont, CA","City",2019,10,2292,2817,3539,4762,5662,.6,.9
"Belton, MO","City",2019,10,694,878,1076,1471,1665,-.7,-.7
"Bend, OR","City",2019,10,783,858,1003,1440,1767,1.9,2.8
"Benicia, CA","City",2019,10,1069,1333,1667,2427,2938,-.3,.4
"Bentonville, AR","City",2019,10,636,675,872,1251,1523,.4,1.7
"Bethany, OK","City",2019,10,615,681,872,1194,1458,-.5,-.8
"Biloxi, MS","City",2019,10,667,700,808,1134,1355,.3,2.8
"Binghamton, NY","City",2019,10,648,711,914,1236,1420,.2,-1.2
"Birmingham, AL","City",2019,10,733,825,955,1284,1440,.6,1.8
"Bismarck, ND","City",2019,10,578,591,780,1084,1366,-1.5,-2.1
"Bloomington, IL","City",2019,10,544,599,789,1068,1354,-.6,-.2
"Bloomington, IN","City",2019,10,692,745,948,1268,1603,.7,1.2
"Blue Springs, MO","City",2019,10,717,907,1112,1520,1720,.1,1.1
"Bluffton, SC","City",2019,10,1105,1183,1365,1788,2327,-.7,1.1
"Boca Raton, FL","City",2019,10,1220,1509,1914,2634,3173,1.5,4.5
"Boise, ID","City",2019,10,594,729,935,1354,1594,1,2
"Bolingbrook, IL","City",2019,10,1132,1314,1546,1977,2353,-.1,1.3
"Bossier City, LA","City",2019,10,645,787,917,1168,1299,-1.3,.3
"Boston, MA","City",2019,10,1516,1730,2145,2696,2971,.2,2.3
"Bowie, MD","City",2019,10,2038,2141,2473,3261,4044,.7,1.7
"Bowling Green, KY","City",2019,10,532,577,732,1003,1201,-1.1,-.1
"Bradenton, FL","City",2019,10,884,951,1221,1676,2037,.4,2.8
"Brandon, FL","City",2019,10,899,1026,1278,1689,2027,-.1,1.4
"Bridgeton, MO","City",2019,10,595,674,875,1159,1353,0,-.7
"Brighton, MI","City",2019,10,757,914,1190,1580,1714,0,2.3
"Bristol, CT","City",2019,10,692,856,1072,1351,1515,-.6,.7
"Broomfield, CO","City",2019,10,1165,1398,1754,2537,2945,-.2,1.4
"Brownsburg, IN","City",2019,10,659,765,948,1270,1448,.4,-.4
"Brownsville, TX","City",2019,10,530,538,696,919,1082,-.3,2
"Bryan, TX","City",2019,10,621,696,841,1225,1482,.2,.1
"Buckeye, AZ","City",2019,10,797,968,1206,1756,2037,.3,1.1
"Buffalo Grove, IL","City",2019,10,1169,1357,1596,2042,2430,-1.1,-.8
"Buffalo, NY","City",2019,10,720,728,886,1126,1300,-.3,1.1
"Burlington, MA","City",2019,10,1713,1954,2424,3046,3357,-.8,2.2
"Burlington, NC","City",2019,10,745,782,965,1309,1455,.6,3.6
"Burnsville, MN","City",2019,10,917,1130,1425,2018,2359,1.2,3.6
"Burton, MI","City",2019,10,536,636,845,1114,1207,-.5,-.5
"Caldwell, ID","City",2019,10,501,615,790,1143,1345,-1,.5
"California City, CA","City",2019,10,773,805,1046,1513,1822,-.6,1.8
"Calumet City, IL","City",2019,10,757,878,1033,1322,1573,-.1,1.3
"Camarillo, CA","City",2019,10,1540,1826,2427,3457,4131,.9,2.6
"Cambridge, MA","City",2019,10,1631,1861,2307,2899,3196,0,2.4
"Camden, NJ","City",2019,10,780,926,1118,1399,1557,-.8,-1.5
"Campbell, CA","City",2019,10,1643,1931,2420,3359,3872,-.3,.5
"Canton, GA","City",2019,10,963,1010,1167,1532,1882,1.6,1.7
"Cape Coral, FL","City",2019,10,850,917,1139,1478,1648,-.4,1.6
"Carbondale, IL","City",2019,10,540,604,782,1095,1228,-.2,1.1
"Carlsbad, CA","City",2019,10,1722,1907,2474,3562,4359,1.4,1.4
"Carol Stream, IL","City",2019,10,1009,1171,1377,1761,2096,.4,2.7
"Carrollton, GA","City",2019,10,691,724,837,1098,1350,.5,2.5
"Carrollton, TX","City",2019,10,935,1114,1385,1877,2391,-.3,1
"Carson City, NV","City",2019,10,625,764,974,1417,1716,1.7,1.5
"Cary, NC","City",2019,10,920,1131,1309,1715,2083,.9,4.8
"Casa Grande, AZ","City",2019,10,653,793,988,1438,1668,-.9,2.3
"Casselberry, FL","City",2019,10,986,1078,1291,1718,2066,.2,2.1
"Cassopolis, MI","City",2019,10,493,601,757,978,1043,.2,.5
"Castle Rock, CO","City",2019,10,1087,1328,1681,2443,2829,.5,1.2
"Catonsville, MD","City",2019,10,952,1156,1450,1865,2184,-.4,.4
"Cedar Falls, IA","City",2019,10,540,645,817,1083,1323,-1.5,-.2
"Cedar Hill, TX","City",2019,10,1019,1215,1509,2046,2606,.8,1.8
"Cedar Park, TX","City",2019,10,1128,1367,1687,2286,2751,-.4,3.1
"Cedar Rapids, IA","City",2019,10,568,667,881,1248,1386,-.3,-.7
"Centreville, VA","City",2019,10,1608,1688,1950,2573,3190,.6,3.9
"Chandler, AZ","City",2019,10,948,1151,1435,2088,2423,-.1,4.8
"Charlotte, NC","City",2019,10,893,989,1153,1555,1952,.2,2.9
"Charlottesville, VA","City",2019,10,812,1109,1280,1608,1897,.7,2
"Chattanooga, TN","City",2019,10,635,747,929,1225,1518,.2,2.4
"Chesapeake, VA","City",2019,10,992,997,1200,1675,2090,-1.7,.5
"Cheyenne, WY","City",2019,10,614,643,855,1196,1393,-.5,.7
"Chicago Heights, IL","City",2019,10,798,926,1089,1393,1658,-.1,.8
"Chicago, IL","City",2019,10,940,1091,1283,1641,1953,0,1.2
"Chico, CA","City",2019,10,789,876,1111,1617,1943,-.1,1.8
"Chino Hills, CA","City",2019,10,1354,1616,2047,2833,3321,.5,3.1
"Chino, CA","City",2019,10,1059,1263,1603,2212,2573,-1,.3
"Chula Vista, CA","City",2019,10,1485,1644,2133,3072,3759,-.7,.4
"Cincinnati, OH","City",2019,10,555,647,850,1188,1387,-.3,.8
"Citrus Heights, CA","City",2019,10,1007,1134,1438,2089,2534,.3,2.2
"Clarkston, GA","City",2019,10,861,903,1043,1369,1682,.6,2.3
"Clarksville, TN","City",2019,10,513,620,795,1089,1219,1.2,3.3
"Clearwater, FL","City",2019,10,858,980,1220,1613,1935,.7,2.7
"Clinton, MI","City",2019,10,705,751,906,1244,1561,-.1,3.3
"Clovis, CA","City",2019,10,970,1023,1283,1824,2128,-.2,1
"Cockeysville, MD","City",2019,10,944,1147,1439,1850,2167,-.4,2.6
"College Station, TX","City",2019,10,708,793,959,1396,1689,.8,-.4
"Colorado Springs, CO","City",2019,10,810,986,1272,1850,2241,.7,3.2
"Columbia, MD","City",2019,10,1296,1575,1975,2539,2974,-.4,2.7
"Columbia, MO","City",2019,10,511,570,721,1005,1230,.2,-.3
"Columbia, SC","City",2019,10,678,856,988,1307,1629,-.5,1.8
"Columbus, GA","City",2019,10,602,646,773,1077,1363,.3,1.7
"Columbus, IN","City",2019,10,663,790,952,1231,1361,.4,.2
"Columbus, OH","City",2019,10,636,752,969,1247,1451,.3,1.6
"Conroe, TX","City",2019,10,793,899,1100,1499,1905,-.1,2.3
"Copperas Cove, TX","City",2019,10,603,607,805,1141,1417,-.6,2
"Coralville, IA","City",2019,10,649,770,1012,1452,1771,-.6,-.5
"Coram, NY","City",2019,10,1948,2163,2577,3323,3701,.2,1.1
"Corona, CA","City",2019,10,1511,1808,2261,3178,3914,-.1,3.2
"Coronado, CA","City",2019,10,2667,2953,3831,5516,6751,.7,.9
"Corpus Christi, TX","City",2019,10,819,858,1072,1428,1640,.2,1.3
"Corvallis, OR","City",2019,10,687,829,1040,1514,1821,0,1.3
"Costa Mesa, CA","City",2019,10,1534,1825,2346,3188,3515,-.2,0
"Covington, GA","City",2019,10,904,948,1095,1438,1767,-.2,-.1
"Cranston, RI","City",2019,10,891,999,1214,1540,1811,-.6,.3
"Crystal Lake, IL","City",2019,10,1059,1229,1446,1849,2201,-.9,1.6
"Dallas, GA","City",2019,10,935,981,1133,1487,1827,.3,2.2
"Dallas, TX","City",2019,10,767,914,1136,1540,1962,.5,2.3
"Danbury, CT","City",2019,10,979,1197,1511,1911,2290,1.7,2.4
"Danvers, MA","City",2019,10,1572,1793,2224,2795,3080,0,2.3
"Daphne, AL","City",2019,10,1182,1241,1431,2083,2393,.5,2.4
"Davenport, IA","City",2019,10,508,620,792,1041,1139,.7,.7
"Davison, MI","City",2019,10,479,574,754,998,1083,1,3.4
"Dayton, OH","City",2019,10,587,655,855,1150,1357,.2,.5
"DeSoto, TX","City",2019,10,838,999,1241,1683,2143,.2,3.8
"Dearborn Heights, MI","City",2019,10,740,895,1164,1546,1677,-1.4,-4.8
"Dearborn, MI","City",2019,10,862,1042,1356,1801,1953,.2,.1
"Decatur, AL","City",2019,10,483,582,724,965,1012,.1,1.3
"Decatur, GA","City",2019,10,988,1036,1197,1571,1931,.3,1.3
"Deerfield Beach, FL","City",2019,10,974,1205,1528,2103,2533,.5,1.7
"Delray Beach, FL","City",2019,10,971,1201,1523,2096,2524,.4,2.3
"Deltona, FL","City",2019,10,732,882,1100,1483,1664,-1.4,-1.3
"Denton, TX","City",2019,10,724,862,1071,1453,1850,1,1.4
"Denver, CO","City",2019,10,875,1069,1354,1967,2278,-.6,.6
"Des Moines, IA","City",2019,10,555,656,808,1095,1192,.5,.2
"Des Plaines, IL","City",2019,10,840,975,1146,1466,1745,-.3,-.7
"Detroit, MI","City",2019,10,568,687,894,1187,1288,.1,.1
"Douglasville, GA","City",2019,10,1012,1061,1226,1610,1978,.4,2.2
"Downey, CA","City",2019,10,1321,1572,2020,2745,3027,-.8,.3
"Drexel Hill, PA","City",2019,10,765,908,1097,1372,1527,1.1,1.1
"Duarte, CA","City",2019,10,1238,1473,1893,2572,2836,.7,.7
"Duluth, GA","City",2019,10,1245,1305,1508,1979,2433,-.3,3.1
"Duluth, MN","City",2019,10,581,674,862,1120,1343,.1,-.1
"Duncanville, TX","City",2019,10,842,1003,1246,1690,2153,1.9,1.5
"Dundalk, MD","City",2019,10,758,921,1156,1486,1740,-.5,.9
"Dunedin, FL","City",2019,10,897,1024,1275,1686,2022,-.2,3.5
"Eaton Rapids, MI","City",2019,10,603,744,933,1239,1378,-.7,.3
"Eden Prairie, MN","City",2019,10,1173,1446,1824,2584,3021,.2,1.7
"Edinburg, TX","City",2019,10,580,584,759,949,1129,.2,-.9
"Edmond, OK","City",2019,10,723,801,1025,1404,1714,-.6,-.3
"El Mirage, AZ","City",2019,10,642,780,972,1414,1641,.1,0
"El Paso, TX","City",2019,10,548,688,837,1207,1441,.8,.8
"Elgin, IL","City",2019,10,852,988,1163,1487,1769,.3,.8
"Elgin, SC","City",2019,10,780,985,1137,1504,1874,-1.1,-.4
"Elizabeth, NJ","City",2019,10,1072,1190,1418,1829,2037,-.2,1.1
"Elkridge, MD","City",2019,10,1305,1585,1988,2556,2993,0,4.8
"Elkton, MD","City",2019,10,909,1079,1303,1631,1815,.4,4
"Englewood, FL","City",2019,10,532,566,738,1021,1240,1,1
"Erie, PA","City",2019,10,550,564,719,915,998,.2,-.5
"Escondido, CA","City",2019,10,1293,1431,1857,2674,3272,.3,.6
"Essex, MD","City",2019,10,734,892,1118,1438,1684,-.8,1.4
"Euclid, OH","City",2019,10,541,648,807,1061,1123,.1,.4
"Eugene, OR","City",2019,10,699,829,1102,1598,1925,-1,1
"Euless, TX","City",2019,10,850,1013,1259,1706,2174,.8,3.1
"Evanston, IL","City",2019,10,1141,1324,1557,1992,2370,.7,1.8
"Evansville, IN","City",2019,10,627,670,872,1091,1201,-.1,1
"Everett, WA","City",2019,10,1202,1376,1713,2486,2957,.4,2.5
"Fairbanks, AK","City",2019,10,710,842,1118,1628,1971,-.1,-.1
"Fairborn, OH","City",2019,10,560,620,806,1063,1223,.3,-.2
"Fairfield, CA","City",2019,10,1080,1347,1684,2451,2968,-.2,1.7
"Fairfield, OH","City",2019,10,731,852,1119,1563,1825,-.7,2.8
"Fairview, OR","City",2019,10,1384,1540,1817,2645,3201,-.2,.5
"Fall River, MA","City",2019,10,787,883,1073,1361,1601,-.4,2
"Fargo, ND","City",2019,10,476,583,743,1082,1236,-1,.2
"Fayetteville, NC","City",2019,10,622,626,774,1076,1330,-.4,.7
"Federal Way, WA","City",2019,10,1231,1409,1755,2547,3029,-1,.5
"Fenton, MI","City",2019,10,645,773,1015,1344,1457,1.3,2.4
"Ferndale, MI","City",2019,10,598,723,941,1250,1356,-.1,0
"Flint, MI","City",2019,10,457,542,721,950,1029,1,.3
"Florence, KY","City",2019,10,648,754,992,1385,1617,-.3,2.4
"Florissant, MO","City",2019,10,678,769,998,1322,1542,.1,.2
"Flower Mound, TX","City",2019,10,1553,1851,2299,3118,3971,-.2,2.5
"Fontana, CA","City",2019,10,876,1048,1311,1842,2269,.8,0
"Forest Grove, OR","City",2019,10,1107,1232,1453,2115,2560,1.4,2.8
"Forest Park, GA","City",2019,10,830,871,1006,1320,1622,.3,3.7
"Fort Collins, CO","City",2019,10,851,968,1184,1724,2087,-.3,2
"Fort Lauderdale, FL","City",2019,10,914,1130,1433,1973,2376,.4,-.9
"Fort Mill, SC","City",2019,10,922,1021,1191,1605,2016,.3,4.8
"Fort Smith, AR","City",2019,10,491,507,666,883,1067,.9,1.1
"Fort Wayne, IN","City",2019,10,524,606,770,988,1104,.8,1.3
"Fort Worth, TX","City",2019,10,778,927,1152,1562,1989,-.4,.5
"Fountain Valley, CA","City",2019,10,1592,1894,2434,3308,3648,-.2,3.4
"Fowlerville, MI","City",2019,10,577,706,896,1195,1343,-.5,-.6
"Fox Lake, IL","City",2019,10,811,941,1107,1415,1684,-.2,.6
"Framingham, MA","City",2019,10,1368,1560,1935,2432,2680,.5,2.9
"Frankfort, KY","City",2019,10,546,624,794,1111,1317,1.3,3
"Franklin, IN","City",2019,10,510,592,732,982,1119,.1,.1
"Frederick, MD","City",2019,10,1353,1421,1641,2165,2684,1.6,6.8
"Fremont, CA","City",2019,10,2416,2969,3730,5018,5967,-.3,.5
"Fresno, CA","City",2019,10,797,844,1055,1496,1749,.2,2.5
"Frisco, TX","City",2019,10,1093,1303,1619,2195,2796,.1,2.3
"Fullerton, CA","City",2019,10,1329,1582,2033,2763,3046,.8,1.5
"Gainesville, FL","City",2019,10,687,788,966,1295,1473,-.3,.9
"Gainesville, GA","City",2019,10,793,839,1000,1285,1420,1.1,2.6
"Gaithersburg, MD","City",2019,10,1507,1583,1828,2411,2990,-.5,3.4
"Gallatin, TN","City",2019,10,779,867,1065,1419,1668,-.6,2.2
"Garden Grove, CA","City",2019,10,1377,1639,2106,2862,3156,-.4,.4
"Gardner, KS","City",2019,10,721,913,1119,1530,1732,-.4,1.7
"Garland, TX","City",2019,10,847,1009,1254,1701,2166,-.1,2.1
"Garner, NC","City",2019,10,826,1021,1179,1536,1889,.1,3.2
"Gary, IN","City",2019,10,692,803,945,1208,1438,0,1.7
"Gastonia, NC","City",2019,10,641,709,827,1115,1400,.1,3.5
"Georgetown, TX","City",2019,10,972,1178,1454,1970,2371,-1.3,1.4
"Germantown, MD","City",2019,10,1642,1724,1992,2627,3258,.1,1.9
"Gilbert, AZ","City",2019,10,994,1207,1504,2189,2540,1.8,4.2
"Gilroy, CA","City",2019,10,1629,1915,2400,3332,3840,1.2,1.9
"Gladstone, OR","City",2019,10,1351,1504,1774,2582,3125,.4,.6
"Glen Burnie, MD","City",2019,10,1002,1217,1527,1963,2299,.2,3.2
"Glendale, AZ","City",2019,10,775,941,1173,1707,1981,.5,3.8
"Glendale, CA","City",2019,10,1168,1390,1786,2427,2676,.6,-.8
"Glenwood, IL","City",2019,10,831,965,1135,1451,1727,0,.6
"Grand Blanc, MI","City",2019,10,606,727,955,1264,1370,-.8,-.1
"Grand Forks, ND","City",2019,10,498,602,785,1099,1307,.3,.1
"Grand Ledge, MI","City",2019,10,478,591,732,980,1143,.4,.6
"Grand Prairie, TX","City",2019,10,856,1020,1267,1718,2188,0,1.1
"Grand Rapids, MI","City",2019,10,618,757,920,1302,1438,-.1,.4
"Grandview, MO","City",2019,10,534,676,829,1134,1283,.6,-.6
"Grapevine, TX","City",2019,10,921,1098,1364,1849,2355,-.3,2.3
"Grayson, GA","City",2019,10,1252,1314,1517,1992,2448,-.6,0
"Greenbelt, MD","City",2019,10,1326,1393,1609,2122,2632,-.7,-.2
"Greensboro, NC","City",2019,10,670,750,886,1186,1404,.3,2.8
"Greenville, NC","City",2019,10,698,702,886,1241,1446,.6,2.4
"Greenville, SC","City",2019,10,653,744,893,1187,1405,.1,3.2
"Greenwood, IN","City",2019,10,655,760,941,1261,1438,-.6,4.6
"Gulfport, MS","City",2019,10,644,675,780,1094,1307,.4,.8
"Hackensack, NJ","City",2019,10,1296,1439,1714,2210,2461,-.3,-.1
"Hamilton, OH","City",2019,10,543,632,831,1160,1354,1,1.2
"Hammond, IN","City",2019,10,727,844,993,1270,1511,.1,.8
"Hampton, VA","City",2019,10,872,877,1055,1473,1837,.6,.9
"Harker Heights, TX","City",2019,10,556,560,742,1052,1306,-.4,2.1
"Harlingen, TX","City",2019,10,606,615,796,1051,1237,.6,1.3
"Harrisburg, PA","City",2019,10,674,815,1015,1306,1398,.2,2.3
"Harrisonburg, VA","City",2019,10,691,697,887,1195,1563,0,.9
"Hartford, CT","City",2019,10,677,838,1049,1322,1482,-.9,1.1
"Hattiesburg, MS","City",2019,10,673,775,942,1259,1312,-.5,1
"Hawthorne, CA","City",2019,10,1060,1261,1621,2203,2429,1.5,1.8
"Hayward, CA","City",2019,10,1793,2203,2768,3724,4428,1.4,1.2
"Hazelwood, MO","City",2019,10,584,662,859,1138,1328,.3,-1.2
"Hemet, CA","City",2019,10,832,996,1246,1750,2156,1.2,2.5
"Henderson, NV","City",2019,10,919,1123,1392,2027,2442,.1,4.1
"Hendersonville, TN","City",2019,10,910,1014,1245,1659,1951,.6,3.1
"Hermosa Beach, CA","City",2019,10,1699,2022,2598,3530,3893,-.2,1
"High Point, NC","City",2019,10,674,736,877,1187,1392,.7,3.3
"Highland, CA","City",2019,10,681,815,1019,1432,1764,-.1,0
"Highland, IN","City",2019,10,1042,1209,1423,1819,2165,.2,1.6
"Hinesville, GA","City",2019,10,657,715,825,1159,1445,-.7,.5
"Holland, MI","City",2019,10,610,747,907,1284,1418,2,2.7
"Hollywood, FL","City",2019,10,908,1122,1423,1959,2359,.7,.7
"Hopewell, VA","City",2019,10,758,794,917,1215,1480,.7,.7
"Hopkins, MN","City",2019,10,928,1144,1443,2044,2389,.9,2.2
"Horn Lake, MS","City",2019,10,761,851,1005,1366,1601,-.3,.8
"Houston, TX","City",2019,10,742,841,1030,1404,1784,.2,.5
"Humble, TX","City",2019,10,914,1036,1268,1728,2196,-.3,.5
"Huntsville, AL","City",2019,10,585,671,807,1098,1423,.7,3.7
"Hurst, TX","City",2019,10,812,967,1202,1630,2076,-.5,.8
"Hyattsville, MD","City",2019,10,1262,1326,1531,2020,2505,-1,1.6
"Idaho Falls, ID","City",2019,10,551,633,841,1157,1387,.7,.8
"Imperial, PA","City",2019,10,746,864,1081,1353,1490,-.2,
"Independence, MO","City",2019,10,583,738,904,1236,1399,.6,1.5
"Indianapolis, IN","City",2019,10,606,703,870,1167,1330,.1,1.7
"Inkster, MI","City",2019,10,545,659,857,1138,1235,.2,1.9
"Iowa City, IA","City",2019,10,710,843,1107,1589,1938,.3,-.1
"Irving, TX","City",2019,10,843,1005,1248,1692,2156,.3,2.3
"Jackson, MI","City",2019,10,496,609,776,1022,1076,1.7,2.2
"Jackson, MS","City",2019,10,582,689,833,1053,1217,-.8,-.9
"Jacksonville, AR","City",2019,10,506,586,708,955,1137,-.6,.3
"Jacksonville, FL","City",2019,10,693,889,1088,1440,1825,0,1
"Jacksonville, NC","City",2019,10,590,594,724,1053,1275,1.7,2.7
"Jefferson City, MO","City",2019,10,479,511,670,965,1056,.1,1.2
"Jersey City, NJ","City",2019,10,1456,1617,1926,2484,2766,-.5,.9
"Joliet, IL","City",2019,10,815,946,1112,1423,1693,.5,.2
"Jonesboro, AR","City",2019,10,479,594,726,996,1014,-.3,1
"Jonesboro, GA","City",2019,10,1018,1068,1234,1620,1991,.7,4.4
"Junction City, KS","City",2019,10,576,579,769,1112,1351,.1,-.5
"Jupiter, FL","City",2019,10,1073,1238,1559,2158,2620,-1.9,-1.4
"Kalamazoo, MI","City",2019,10,583,715,889,1210,1387,.4,.8
"Kansas City, MO","City",2019,10,584,740,907,1239,1403,.4,.4
"Keller, TX","City",2019,10,1176,1402,1742,2362,3009,-.8,3
"Kennewick, WA","City",2019,10,653,795,984,1343,1734,-.3,.5
"Kent, OH","City",2019,10,570,658,873,1123,1204,-.3,2.2
"Kent, WA","City",2019,10,1297,1484,1848,2683,3191,.9,2.1
"Killeen, TX","City",2019,10,570,575,761,1079,1341,.4,1.7
"Kissimmee, FL","City",2019,10,961,1047,1259,1675,2019,1.2,2.3
"La Mesa, CA","City",2019,10,1323,1465,1901,2737,3350,.8,2.3
"La Mirada, CA","City",2019,10,1593,1896,2436,3311,3650,0,1
"La Vista, NE","City",2019,10,650,817,1022,1376,1508,.9,2.4
"LaGrange, GA","City",2019,10,640,671,775,1017,1250,.9,1.1
"Ladera Ranch, CA","City",2019,10,2598,3092,3973,5399,5953,-.3,3
"Lafayette, IN","City",2019,10,599,661,805,1103,1372,-.5,.6
"Lake Mary, FL","City",2019,10,1231,1345,1612,2144,2580,-.9,.2
"Lakeland, FL","City",2019,10,817,832,1084,1436,1810,.3,3.7
"Lakewood, NJ","City",2019,10,1327,1474,1756,2264,2522,.8,-1.3
"Lakewood, WA","City",2019,10,1056,1208,1505,2184,2598,.2,4.6
"Lancaster, CA","City",2019,10,1068,1256,1616,2208,2453,.8,1.6
"Lancaster, OH","City",2019,10,664,785,1011,1301,1514,-.6,.2
"Lancaster, PA","City",2019,10,673,802,1011,1295,1393,-1.3,-.6
"Lansing, MI","City",2019,10,568,703,870,1165,1360,.3,1.4
"Lapeer, MI","City",2019,10,564,682,887,1178,1278,.1,-.5
"Laredo, TX","City",2019,10,630,673,858,1136,1300,-.3,1.2
"Las Cruces, NM","City",2019,10,504,588,713,1026,1257,-.4,.1
"Las Vegas, NV","City",2019,10,784,959,1188,1730,2083,.2,3.4
"Laurel, MD","City",2019,10,1244,1363,1616,2114,2575,-.8,1.5
"Lawrence, KS","City",2019,10,601,714,935,1344,1615,1.1,1.1
"Lawrenceville, GA","City",2019,10,1153,1209,1396,1833,2253,.3,4.9
"Lawton, OK","City",2019,10,492,498,658,922,1039,-.3,-.1
"Layton, UT","City",2019,10,684,822,1053,1503,1763,.4,.5
"League City, TX","City",2019,10,1082,1226,1501,2046,2601,-.8,-.5
"Lehigh Acres, FL","City",2019,10,735,793,985,1278,1426,-.1,1.4
"Lewisville, TX","City",2019,10,863,1029,1278,1733,2208,.9,2.7
"Lexington, KY","City",2019,10,584,670,859,1228,1513,0,1.7
"Lincoln Park, MI","City",2019,10,569,687,895,1188,1289,-.4,.3
"Lincoln, NE","City",2019,10,564,657,866,1233,1489,.5,1.4
"Little Rock, AR","City",2019,10,626,725,876,1182,1407,-.9,1.4
"Littleton, CO","City",2019,10,1234,1508,1908,2772,3211,-.1,2.8
"Livonia, MI","City",2019,10,775,937,1219,1620,1757,.2,0
"Logan, UT","City",2019,10,451,570,699,1017,1142,.1,.8
"Loma Linda, CA","City",2019,10,876,1048,1311,1842,2269,0,2.6
"Lone Tree, CO","City",2019,10,1306,1595,2019,2934,3398,.8,1.7
"Long Beach, CA","City",2019,10,1166,1388,1784,2425,2673,.2,1.1
"Long Branch, NJ","City",2019,10,1526,1694,2018,2602,2898,1.3,3.9
"Longboat Key, FL","City",2019,10,1402,1507,1937,2657,3230,.2,3.5
"Longmont, CO","City",2019,10,938,1061,1295,1855,2192,-.5,1.7
"Longview, TX","City",2019,10,709,773,940,1212,1466,-.3,.3
"Lorain, OH","City",2019,10,511,611,762,1001,1060,1.4,3.8
"Los Angeles, CA","City",2019,10,1151,1370,1760,2392,2637,-.1,.4
"Louisville, KY","City",2019,10,584,665,840,1152,1308,-.8,.1
"Lovejoy, GA","City",2019,10,734,770,890,1168,1435,.1,.4
"Loveland, CO","City",2019,10,809,922,1139,1659,2008,.2,1.4
"Lowell, MA","City",2019,10,1093,1247,1546,1943,2141,-.7,.9
"Lubbock, TX","City",2019,10,564,658,816,1187,1432,-.8,-.6
"Mableton, GA","City",2019,10,878,921,1064,1396,1716,.7,.8
"Madison Heights, MI","City",2019,10,707,855,1112,1478,1603,-.2,3.1
"Madison, AL","City",2019,10,675,774,931,1266,1640,1.6,6.8
"Madison, WI","City",2019,10,700,835,1007,1400,1595,-.1,.8
"Manassas, VA","City",2019,10,1517,1593,1840,2427,3010,-.5,5.3
"Manchester, NH","City",2019,10,915,1076,1366,1779,1969,.2,1.3
"Manhattan, KS","City",2019,10,517,554,734,1035,1255,-.8,-1.7
"Marana, AZ","City",2019,10,970,1165,1497,2178,2551,-.1,5.1
"Marietta, PA","City",2019,10,568,677,852,1092,1175,0,0
"Marine City, MI","City",2019,10,539,651,847,1126,1221,-.5,
"Marshall, MI","City",2019,10,540,675,847,1105,1197,.1,-.2
"Maryland Heights, MO","City",2019,10,761,863,1121,1484,1732,-.9,6.2
"Marysville, WA","City",2019,10,1158,1326,1652,2397,2851,-.5,.8
"Mason, OH","City",2019,10,902,1051,1381,1929,2252,-.7,2.6
"Matthews, NC","City",2019,10,1101,1218,1421,1916,2406,-.3,4.7
"McKinney, TX","City",2019,10,965,1150,1429,1937,2468,0,2.3
"Medford, OR","City",2019,10,715,753,1001,1458,1671,.9,.7
"Melbourne, FL","City",2019,10,779,968,1228,1697,2089,1.1,0
"Melvindale, MI","City",2019,10,576,696,906,1203,1305,0,1.9
"Memphis, TN","City",2019,10,630,704,832,1131,1326,.1,.8
"Menifee, CA","City",2019,10,1111,1329,1662,2335,2877,-.2,-.4
"Mentor, OH","City",2019,10,702,840,1046,1375,1457,.8,1.2
"Mesa, AZ","City",2019,10,748,908,1132,1647,1911,.7,5
"Metairie, LA","City",2019,10,678,791,958,1228,1442,1.2,.8
"Miami Gardens, FL","City",2019,10,924,1143,1449,1995,2402,-.1,-1.3
"Miami, FL","City",2019,10,877,1084,1375,1892,2279,.5,.9
"Miamisburg, OH","City",2019,10,645,735,964,1321,1550,.8,5.9
"Middle River, MD","City",2019,10,863,1049,1315,1691,1981,.2,-.6
"Middletown, OH","City",2019,10,591,685,900,1251,1463,-.1,1.1
"Midland, MI","City",2019,10,490,584,757,1041,1188,-.5,1.1
"Midvale, UT","City",2019,10,796,985,1222,1760,2022,1.4,5.3
"Milwaukee, WI","City",2019,10,601,731,906,1142,1281,.4,1.5
"Minneapolis, MN","City",2019,10,742,914,1153,1633,1909,-.1,1.1
"Minnetonka, MN","City",2019,10,992,1222,1542,2184,2553,.3,4.6
"Missoula, MT","City",2019,10,693,748,926,1348,1632,-.5,1.3
"Missouri City, TX","City",2019,10,1042,1181,1445,1970,2504,.8,2.4
"Mobile, AL","City",2019,10,769,774,943,1230,1424,-.6,1.4
"Monroe, LA","City",2019,10,635,640,827,1049,1139,0,0
"Monterey, CA","City",2019,10,1205,1436,1797,2615,2798,-1.6,.1
"Montgomery, AL","City",2019,10,615,714,860,1103,1491,.8,1.3
"Moreno Valley, CA","City",2019,10,1148,1373,1717,2413,2973,-1.5,.4
"Morrisville, NC","City",2019,10,978,1180,1376,1830,2142,.2,3.9
"Muncie, IN","City",2019,10,515,557,733,956,1163,.2,1.4
"Murrieta, CA","City",2019,10,1194,1428,1786,2510,3092,.6,2.3
"Muskegon, MI","City",2019,10,514,556,739,1015,1019,.4,.2
"Nampa, ID","City",2019,10,573,703,902,1305,1537,.6,1.9
"Nashville, TN","City",2019,10,847,943,1158,1543,1815,.4,2.9
"New Baltimore, MI","City",2019,10,706,853,1110,1474,1599,.5,1.8
"New Britain, CT","City",2019,10,678,839,1050,1324,1484,1.5,1.7
"New Haven, CT","City",2019,10,949,1083,1322,1688,1970,-1.6,-.4
"New Orleans, LA","City",2019,10,684,798,966,1239,1454,0,.1
"New Port Richey, FL","City",2019,10,729,832,1036,1370,1643,-.8,.6
"New York, NY","City",2019,10,1937,2151,2562,3304,3680,.8,1.5
"Newark, OH","City",2019,10,521,615,793,1020,1188,.8,1
"Newington, CT","City",2019,10,853,1056,1322,1667,1868,-.4,1.2
"Newport News, VA","City",2019,10,845,850,1023,1427,1781,-.1,.9
"Noblesville, IN","City",2019,10,741,861,1065,1428,1628,1.4,4.4
"Norcross, GA","City",2019,10,1160,1217,1405,1845,2267,-1,5.8
"Norfolk, VA","City",2019,10,791,795,957,1336,1666,0,.8
"Normal, IL","City",2019,10,576,633,835,1131,1433,-.1,-1.1
"Norman, OK","City",2019,10,573,634,812,1111,1357,0,.6
"Norristown, PA","City",2019,10,1006,1194,1441,1803,2006,.5,2.4
"North Charleston, SC","City",2019,10,808,927,1103,1462,1888,.8,2.6
"North Chicago, IL","City",2019,10,717,832,978,1251,1489,.3,.2
"North Las Vegas, NV","City",2019,10,782,957,1186,1726,2079,0,3.1
"North Little Rock, AR","City",2019,10,572,663,802,1082,1287,-.1,.4
"North Port, FL","City",2019,10,837,900,1157,1587,1929,1,.7
"North Richland Hills, TX","City",2019,10,916,1092,1357,1840,2343,-.2,2.7
"Norwalk, CA","City",2019,10,1345,1601,2058,2797,3084,-.6,1.1
"Novato, CA","City",2019,10,2196,2698,3390,4561,5423,-.9,4.8
"Oak Park, MI","City",2019,10,813,983,1279,1698,1842,-.2,.3
"Ocala, FL","City",2019,10,774,826,1003,1350,1455,-.6,2.9
"Oceanside, CA","City",2019,10,1621,1794,2328,3352,4102,1.3,1.7
"Oconomowoc, WI","City",2019,10,703,855,1059,1335,1498,.1,1.8
"Ogden, UT","City",2019,10,580,697,894,1275,1496,-.2,1.1
"Oklahoma City, OK","City",2019,10,571,632,809,1108,1352,.1,.7
"Olathe, KS","City",2019,10,744,941,1154,1578,1785,-.3,1.3
"Omaha, NE","City",2019,10,606,763,954,1284,1407,-.2,1.1
"Ontario, CA","City",2019,10,1022,1223,1529,2149,2647,.1,2.6
"Orange, CA","City",2019,10,1498,1782,2290,3113,3432,-.7,.6
"Orlando, FL","City",2019,10,993,1085,1299,1729,2080,-.2,2
"Ormond Beach, FL","City",2019,10,788,949,1184,1595,1790,.9,2.7
"Ortonville, MI","City",2019,10,568,680,893,1183,1282,-.4,-1.1
"Overland Park, KS","City",2019,10,774,980,1202,1643,1859,-.7,1.4
"Owings Mills, MD","City",2019,10,1038,1261,1582,2034,2382,-.7,3.4
"Oxnard, CA","City",2019,10,1052,1248,1658,2362,2822,0,.7
"Pacifica, CA","City",2019,10,2482,3051,3833,5157,6132,1.6,2
"Palm Bay, FL","City",2019,10,667,829,1051,1453,1789,1.3,1.3
"Palm Beach Gardens, FL","City",2019,10,1121,1387,1758,2421,2915,1.8,1.1
"Palm Desert, CA","City",2019,10,797,953,1192,1676,2064,-1.6,-.7
"Palm Harbor, FL","City",2019,10,953,1088,1355,1791,2149,-.5,1
"Palm Springs, CA","City",2019,10,783,936,1171,1646,2027,.3,1.5
"Palmdale, CA","City",2019,10,1230,1464,1882,2557,2820,.5,2.2
"Palo Alto, CA","City",2019,10,2156,2555,3204,4422,5127,.9,3.3
"Paramount, CA","City",2019,10,1233,1468,1886,2564,2827,-.3,.2
"Park Forest, IL","City",2019,10,854,991,1166,1491,1774,.3,1
"Parker, CO","City",2019,10,1168,1427,1806,2624,3039,.3,2.1
"Parkville, MD","City",2019,10,909,1104,1385,1780,2085,-.8,-.3
"Pasadena, CA","City",2019,10,1368,1628,2091,2842,3134,-.2,.2
"Pasadena, MD","City",2019,10,1343,1632,2047,2632,3083,-1.4,.2
"Pasadena, TX","City",2019,10,730,828,1013,1381,1755,.1,1.4
"Pascagoula, MS","City",2019,10,569,596,689,967,1155,-1.3,-2.7
"Pearland, TX","City",2019,10,981,1112,1361,1855,2358,.2,1.6
"Pembroke Pines, FL","City",2019,10,1535,1899,2408,3315,3992,-.7,0
"Peoria, AZ","City",2019,10,970,1178,1468,2136,2478,.6,4.3
"Peoria, IL","City",2019,10,560,644,826,1047,1200,-.2,2.8
"Perris, CA","City",2019,10,740,885,1107,1555,1916,-.1,-.1
"Perry Hall, MD","City",2019,10,1078,1309,1642,2111,2473,.5,.7
"Petersburg, VA","City",2019,10,749,785,906,1201,1463,-.6,1.2
"Pflugerville, TX","City",2019,10,1062,1287,1589,2153,2590,.5,2.7
"Phenix City, AL","City",2019,10,566,613,762,1048,1306,-.7,4.2
"Philadelphia, PA","City",2019,10,820,973,1175,1470,1636,-.1,.3
"Phoenix, AZ","City",2019,10,725,881,1097,1597,1853,.5,4
"Pineville, NC","City",2019,10,938,1038,1211,1632,2050,.5,5
"Pittsburg, CA","City",2019,10,2085,2563,3220,4332,5151,-1.3,1
"Pittsburgh, PA","City",2019,10,634,735,919,1151,1267,-.2,.3
"Plainfield, IN","City",2019,10,698,811,1004,1345,1534,-.4,4.2
"Plano, TX","City",2019,10,989,1179,1464,1985,2529,0,2.2
"Pleasanton, CA","City",2019,10,2376,2920,3669,4936,5869,-1.5,-.2
"Pompano Beach, FL","City",2019,10,937,1159,1470,2023,2436,.3,.4
"Pontiac, MI","City",2019,10,605,731,952,1264,1371,0,.7
"Port Huron, MI","City",2019,10,532,642,836,1110,1204,.4,.2
"Port Orange, FL","City",2019,10,818,986,1230,1657,1859,-.8,1
"Port Washington, WI","City",2019,10,585,711,881,1111,1247,-.1,.5
"Portland, OR","City",2019,10,1018,1133,1337,1945,2355,-.8,.4
"Portsmouth, VA","City",2019,10,772,776,934,1303,1626,.7,1.6
"Post Falls, ID","City",2019,10,593,646,858,1215,1512,-.2,.8
"Puyallup, WA","City",2019,10,1387,1588,1977,2870,3413,.1,2.4
"Quincy, MA","City",2019,10,1358,1549,1920,2413,2660,-.9,3
"Radcliff, KY","City",2019,10,488,525,698,1016,1230,0,1.1
"Rahway, NJ","City",2019,10,1183,1313,1564,2017,2247,-.4,.7
"Raleigh, NC","City",2019,10,819,1010,1168,1526,1865,-.7,2.6
"Rancho Cucamonga, CA","City",2019,10,1194,1429,1787,2511,3093,.3,1.7
"Rapid City, SD","City",2019,10,583,647,846,1191,1386,.2,1
"Redlands, CA","City",2019,10,775,927,1159,1629,2007,1.1,2.6
"Redwood City, CA","City",2019,10,2285,2808,3528,4747,5645,-.5,1.6
"Reisterstown, MD","City",2019,10,951,1156,1449,1863,2183,1.2,2.8
"Reno, NV","City",2019,10,747,904,1177,1713,2075,.2,1.2
"Renton, WA","City",2019,10,1489,1705,2123,3081,3665,.3,3.7
"Richardson, TX","City",2019,10,911,1086,1350,1830,2331,-.1,3
"Richland, WA","City",2019,10,691,841,1041,1421,1834,-.2,4
"Richmond, TX","City",2019,10,885,1003,1228,1674,2127,-.3,.3
"Richmond, VA","City",2019,10,856,898,1036,1373,1672,-.1,.8
"Rio Rancho, NM","City",2019,10,668,859,1053,1533,1856,-.1,2
"Riverdale, GA","City",2019,10,985,1033,1193,1567,1926,.5,2.1
"Riverside, CA","City",2019,10,909,1087,1359,1910,2353,.5,2.2
"Riverview, FL","City",2019,10,926,1057,1316,1740,2087,.8,.8
"Roanoke, VA","City",2019,10,565,678,864,1182,1339,1,1.5
"Rochester, NY","City",2019,10,658,778,964,1207,1329,.2,1
"Rock Hill, SC","City",2019,10,779,863,1006,1356,1703,1.1,3
"Rockford, IL","City",2019,10,547,614,817,1083,1210,.5,.4
"Rockwood, MI","City",2019,10,565,682,888,1180,1280,,.5
"Rocky Mount, NC","City",2019,10,661,665,840,1151,1287,-.1,1
"Rogers, AR","City",2019,10,637,676,873,1253,1525,1.4,4.8
"Rohnert Park, CA","City",2019,10,1324,1534,1988,2894,3503,-1,-1.6
"Romeoville, IL","City",2019,10,1379,1600,1883,2408,2865,-.4,.2
"Romulus, MI","City",2019,10,551,666,866,1150,1248,.5,.4
"Roseville, MI","City",2019,10,622,751,978,1299,1409,.3,1
"Roswell, GA","City",2019,10,1208,1267,1464,1922,2362,-1,2.4
"Round Rock, TX","City",2019,10,1057,1281,1581,2142,2577,.8,3.4
"Rowland Heights, CA","City",2019,10,1292,1538,1976,2686,2961,-.2,2.1
"Royal Oak, MI","City",2019,10,690,834,1086,1442,1564,-.2,.7
"Sacramento, CA","City",2019,10,864,973,1235,1793,2175,.6,2
"Saginaw, MI","City",2019,10,503,623,792,1045,1092,0,1.3
"Salem, MA","City",2019,10,1266,1444,1791,2250,2480,1,4.7
"Salinas, CA","City",2019,10,1441,1717,2148,3126,3344,.6,2.3
"Salisbury, MD","City",2019,10,726,812,1070,1461,1761,-.7,3.7
"Salt Lake City, UT","City",2019,10,707,876,1086,1564,1797,.6,1.8
"San Antonio, TX","City",2019,10,700,862,1084,1434,1721,.1,2.1
"San Bernardino, CA","City",2019,10,707,846,1058,1487,1832,.6,.5
"San Diego, CA","City",2019,10,1426,1579,2048,2949,3609,.2,.8
"San Dimas, CA","City",2019,10,1568,1867,2399,3260,3595,.3,1.4
"San Francisco, CA","City",2019,10,2023,2486,3123,4202,4996,-.3,.6
"San Jose, CA","City",2019,10,1802,2119,2655,3686,4249,-.3,.8
"San Marcos, CA","City",2019,10,1413,1564,2029,2922,3576,1.3,1.6
"San Marcos, TX","City",2019,10,789,963,1198,1606,1930,0,.7
"San Mateo, CA","City",2019,10,2875,3534,4439,5973,7103,-.1,1.4
"San Ramon, CA","City",2019,10,2469,3034,3812,5129,6098,.2,2.3
"Santa Ana, CA","City",2019,10,1210,1440,1851,2515,2773,-1.8,-.7
"Santa Clara, CA","City",2019,10,1906,2240,2808,3898,4493,-.9,.8
"Santa Clarita, CA","City",2019,10,1756,2090,2686,3650,4025,.5,2.9
"Santa Cruz, CA","City",2019,10,1564,1854,2465,3270,3672,-.2,1.3
"Sarasota, FL","City",2019,10,1010,1086,1395,1914,2326,0,.6
"Savannah, GA","City",2019,10,806,915,1056,1440,1683,.3,1.1
"Schaumburg, IL","City",2019,10,1227,1424,1676,2143,2550,.7,1.5
"Scottsdale, AZ","City",2019,10,895,1088,1355,1972,2288,.4,3.7
"Seattle, WA","City",2019,10,1183,1355,1687,2449,2912,-.7,1.4
"Severn, MD","City",2019,10,1102,1339,1679,2159,2529,-1.1,3.3
"Shawnee, KS","City",2019,10,680,860,1055,1442,1631,.2,2.8
"Sherman, TX","City",2019,10,610,750,954,1302,1460,-.5,1.7
"Sierra Vista, AZ","City",2019,10,698,703,878,1246,1546,-1,3.7
"Silver Spring, MD","City",2019,10,1495,1570,1813,2392,2966,-.3,3.4
"Sioux Falls, SD","City",2019,10,511,615,762,1032,1218,-1.6,-1.1
"Slidell, LA","City",2019,10,800,934,1131,1450,1702,-.1,1.2
"Smyrna, GA","City",2019,10,1115,1169,1351,1773,2179,-.4,3.2
"Snellville, GA","City",2019,10,1240,1301,1503,1973,2425,-.8,1.4
"South Gate, CA","City",2019,10,828,986,1266,1721,1898,.3,2.7
"Southfield, MI","City",2019,10,760,919,1195,1588,1722,.5,1.9
"Spanaway, WA","City",2019,10,1157,1325,1650,2395,2848,.1,1.2
"Spring, TX","City",2019,10,1000,1134,1387,1892,2404,1,1.5
"Springfield, IL","City",2019,10,484,553,717,937,989,1.2,-.9
"Springfield, MO","City",2019,10,490,530,690,1000,1087,2,1.6
"Springfield, OH","City",2019,10,500,549,711,916,1023,.8,1.3
"Springfield, OR","City",2019,10,633,750,998,1447,1743,-.3,1.6
"St. Ann, MO","City",2019,10,544,617,801,1061,1238,.4,5.3
"St. Clair Shores, MI","City",2019,10,622,752,979,1300,1410,.1,.5
"St. Joseph, MO","City",2019,10,575,631,822,1041,1286,0,1.7
"St. Louis, MO","City",2019,10,638,723,939,1244,1451,.2,.9
"St. Paul, MN","City",2019,10,797,983,1240,1756,2053,.1,1.4
"St. Petersburg, FL","City",2019,10,843,962,1198,1584,1901,-.2,1.5
"Stamford, CT","City",2019,10,1272,1555,1964,2483,2975,1.2,3.2
"Sterling Heights, MI","City",2019,10,684,827,1076,1429,1550,.6,.2
"Stockton, CA","City",2019,10,823,982,1288,1859,2245,0,2
"Sugar Land, TX","City",2019,10,1146,1299,1589,2167,2753,.7,.7
"Suisun City, CA","City",2019,10,1244,1551,1940,2823,3418,.3,.6
"Sumter, SC","City",2019,10,607,611,754,992,1114,-.7,1.3
"Suwanee, GA","City",2019,10,1581,1658,1915,2514,3090,-.2,2.9
"Syracuse, NY","City",2019,10,587,656,829,1086,1186,.2,-.8
"Tacoma, WA","City",2019,10,1096,1254,1562,2268,2697,-1.1,.5
"Tallahassee, FL","City",2019,10,774,816,1010,1339,1534,.7,1.6
"Tampa, FL","City",2019,10,906,1035,1288,1703,2043,.4,2.4
"Tarpon Springs, FL","City",2019,10,786,897,1117,1477,1772,.2,-.3
"Taylor, MI","City",2019,10,564,681,887,1178,1277,.9,.6
"Tempe, AZ","City",2019,10,811,985,1227,1786,2072,-.7,5.6
"Temple, TX","City",2019,10,594,607,803,1134,1407,-.1,2.1
"Texarkana, AR","City",2019,10,507,576,727,927,1021,1.1,1.9
"Texarkana, TX","City",2019,10,544,618,779,993,1095,1,.8
"Texas City, TX","City",2019,10,805,912,1116,1522,1934,-.7,4
"The Colony, TX","City",2019,10,1020,1215,1510,2047,2608,1.2,4.4
"Thornton, CO","City",2019,10,1256,1534,1941,2821,3267,.5,3.6
"Thousand Oaks, CA","City",2019,10,1732,2055,2712,3827,4504,-.5,.9
"Toledo, OH","City",2019,10,492,591,773,1059,1158,.4,.4
"Tolleson, AZ","City",2019,10,797,968,1206,1755,2036,.6,.6
"Topeka, KS","City",2019,10,502,600,792,1071,1296,.2,2.6
"Torrance, CA","City",2019,10,1363,1622,2084,2832,3123,-.1,.6
"Towson, MD","City",2019,10,980,1191,1494,1921,2250,-.3,1.8
"Trenton, MI","City",2019,10,559,675,879,1167,1266,.2,.1
"Troy, MI","City",2019,10,847,1023,1332,1769,1919,-.7,2.4
"Troy, NY","City",2019,10,678,803,989,1237,1363,.8,.5
"Troy, OH","City",2019,10,515,574,749,1007,1188,.2,1.5
"Tucson, AZ","City",2019,10,599,711,944,1374,1626,-.2,1.4
"Tulsa, OK","City",2019,10,541,640,827,1115,1226,.3,.5
"Turtle Creek, PA","City",2019,10,432,500,626,783,862,-.2,.2
"Tuscaloosa, AL","City",2019,10,663,749,915,1180,1261,-.3,1.9
"Tustin, CA","City",2019,10,1625,1934,2485,3378,3724,.3,1.1
"Twentynine Palms, CA","City",2019,10,561,671,839,1179,1452,-.1,1.2
"Universal City, TX","City",2019,10,800,986,1239,1639,1968,.3,1.7
"Urbana, IL","City",2019,10,581,713,885,1112,1481,-.1,-.6
"Utica, MI","City",2019,10,653,789,1026,1363,1479,-.2,.1
"Valdosta, GA","City",2019,10,547,550,704,963,1240,-1.5,-1
"Vancouver, WA","City",2019,10,1283,1427,1684,2451,2967,.3,2.1
"Vandalia, OH","City",2019,10,442,493,643,865,1020,0,.9
"Victoria, TX","City",2019,10,755,763,944,1280,1347,.8,2.4
"Victorville, CA","City",2019,10,927,1109,1387,1949,2401,1.5,2.1
"Virginia Beach, VA","City",2019,10,1083,1088,1310,1828,2281,.1,1.9
"Visalia, CA","City",2019,10,788,793,1037,1502,1724,.5,1.7
"Vista, CA","City",2019,10,1300,1440,1868,2690,3292,0,.9
"Waco, TX","City",2019,10,535,631,830,1128,1376,1,1.8
"Walnut Creek, CA","City",2019,10,2027,2491,3129,4210,5006,-.2,1.9
"Warner Robins, GA","City",2019,10,707,760,912,1180,1401,.3,1.6
"Washington, DC","City",2019,10,1295,1360,1571,2072,2570,-.3,1.3
"Waterbury, CT","City",2019,10,810,924,1128,1440,1681,.3,.8
"Waukegan, IL","City",2019,10,749,869,1022,1307,1555,.8,2.4
"Wausau, WI","City",2019,10,465,571,733,918,1089,.4,.3
"Wayne, MI","City",2019,10,507,612,797,1058,1148,1.6,1.9
"Weatherford, TX","City",2019,10,760,905,1125,1525,1942,.1,2.3
"Webster, TX","City",2019,10,880,998,1221,1665,2116,.5,.5
"Wellington, FL","City",2019,10,1219,1507,1911,2631,3168,-1,.4
"Weslaco, TX","City",2019,10,559,563,731,915,1088,-.2,.3
"West Chester, PA","City",2019,10,1110,1318,1591,1991,2216,-.7,-.1
"West Covina, CA","City",2019,10,1512,1800,2313,3144,3466,-.2,1.5
"West Lafayette, IN","City",2019,10,684,755,920,1261,1568,-.7,.7
"West Palm Beach, FL","City",2019,10,881,1089,1381,1901,2289,.6,1
"West Sacramento, CA","City",2019,10,672,757,960,1395,1692,-.6,1.5
"Westland, MI","City",2019,10,614,742,965,1282,1390,.3,0
"Westminster, CO","City",2019,10,1064,1299,1645,2389,2767,1,1.9
"Wheat Ridge, CO","City",2019,10,822,1004,1271,1847,2139,.7,1.8
"Wheeling, IL","City",2019,10,984,1142,1344,1719,2045,.7,.4
"Wichita, KS","City",2019,10,474,563,748,1016,1180,.5,.4
"Wildomar, CA","City",2019,10,1195,1430,1788,2513,3095,1.1,1.1
"Williamsport, PA","City",2019,10,590,594,726,977,1001,1.7,1.5
"Willoughby, OH","City",2019,10,615,736,916,1205,1276,.1,.1
"Winston-Salem, NC","City",2019,10,652,671,819,1138,1303,.5,2
"Winter Haven, FL","City",2019,10,677,682,892,1183,1498,.6,2.3
"Winter Park, FL","City",2019,10,973,1063,1274,1694,2038,-.1,.6
"Winter Springs, FL","City",2019,10,1038,1134,1359,1808,2175,1.5,6
"Woodstock, IL","City",2019,10,840,975,1147,1468,1746,1,.7
"Worcester, MA","City",2019,10,872,986,1256,1589,1786,.4,.8
"Wyandotte, MI","City",2019,10,511,618,804,1068,1159,.8,-1.8
"Yakima, WA","City",2019,10,606,707,916,1264,1451,-.3,.7
"Youngstown, OH","City",2019,10,516,578,728,947,1053,-.1,-.8
"Ypsilanti, MI","City",2019,10,815,868,1047,1437,1803,.5,2.7
"Yucca Valley, CA","City",2019,10,577,690,863,1213,1494,.6,3.2
"Zion, IL","City",2019,10,778,903,1063,1359,1617,.9,1.4
